{"_format":"ethers-rs-sol-cache-3","paths":{"artifacts":"out","build_infos":"out/build-info","sources":"src","tests":"test","scripts":"script","libraries":["lib"]},"files":{"lib/forge-std/lib/ds-test/src/test.sol":{"lastModificationDate":1708049008112,"contentHash":"9febff9d09f18af5306669dc276c4c43","sourceName":"lib/forge-std/lib/ds-test/src/test.sol","solcConfig":{"settings":{"optimizer":{"enabled":true,"runs":200},"metadata":{"useLiteralContent":false,"bytecodeHash":"ipfs","appendCBOR":true},"outputSelection":{"*":{"":["ast"],"*":["abi","evm.bytecode","evm.deployedBytecode","evm.methodIdentifiers","metadata"]}},"evmVersion":"paris","libraries":{}}},"imports":[],"versionRequirement":">=0.5.0","artifacts":{"DSTest":{"0.8.23+commit.f704f362.Darwin.appleclang":"test.sol/DSTest.json"}}},"lib/forge-std/src/Base.sol":{"lastModificationDate":1708049006547,"contentHash":"ee13c050b1914464f1d3f90cde90204b","sourceName":"lib/forge-std/src/Base.sol","solcConfig":{"settings":{"optimizer":{"enabled":true,"runs":200},"metadata":{"useLiteralContent":false,"bytecodeHash":"ipfs","appendCBOR":true},"outputSelection":{"*":{"":["ast"],"*":["abi","evm.bytecode","evm.deployedBytecode","evm.methodIdentifiers","metadata"]}},"evmVersion":"paris","libraries":{}}},"imports":["lib/forge-std/src/StdStorage.sol","lib/forge-std/src/Vm.sol"],"versionRequirement":">=0.6.2, <0.9.0","artifacts":{"CommonBase":{"0.8.23+commit.f704f362.Darwin.appleclang":"Base.sol/CommonBase.json"},"ScriptBase":{"0.8.23+commit.f704f362.Darwin.appleclang":"Base.sol/ScriptBase.json"},"TestBase":{"0.8.23+commit.f704f362.Darwin.appleclang":"Base.sol/TestBase.json"}}},"lib/forge-std/src/Script.sol":{"lastModificationDate":1708049006547,"contentHash":"ba325c778a7da8a21c2136aa32763c14","sourceName":"lib/forge-std/src/Script.sol","solcConfig":{"settings":{"optimizer":{"enabled":true,"runs":200},"metadata":{"useLiteralContent":false,"bytecodeHash":"ipfs","appendCBOR":true},"outputSelection":{"*":{"":["ast"],"*":["abi","evm.bytecode","evm.deployedBytecode","evm.methodIdentifiers","metadata"]}},"evmVersion":"paris","libraries":{}}},"imports":["lib/forge-std/src/Base.sol","lib/forge-std/src/StdChains.sol","lib/forge-std/src/StdCheats.sol","lib/forge-std/src/StdJson.sol","lib/forge-std/src/StdMath.sol","lib/forge-std/src/StdStorage.sol","lib/forge-std/src/StdStyle.sol","lib/forge-std/src/StdUtils.sol","lib/forge-std/src/Vm.sol","lib/forge-std/src/console.sol","lib/forge-std/src/console2.sol","lib/forge-std/src/interfaces/IMulticall3.sol","lib/forge-std/src/mocks/MockERC20.sol","lib/forge-std/src/mocks/MockERC721.sol","lib/forge-std/src/safeconsole.sol"],"versionRequirement":">=0.6.2, <0.9.0","artifacts":{"Script":{"0.8.23+commit.f704f362.Darwin.appleclang":"Script.sol/Script.json"}}},"lib/forge-std/src/StdAssertions.sol":{"lastModificationDate":1708049006548,"contentHash":"6cc2858240bcd443debbbf075490e325","sourceName":"lib/forge-std/src/StdAssertions.sol","solcConfig":{"settings":{"optimizer":{"enabled":true,"runs":200},"metadata":{"useLiteralContent":false,"bytecodeHash":"ipfs","appendCBOR":true},"outputSelection":{"*":{"":["ast"],"*":["abi","evm.bytecode","evm.deployedBytecode","evm.methodIdentifiers","metadata"]}},"evmVersion":"paris","libraries":{}}},"imports":["lib/forge-std/lib/ds-test/src/test.sol","lib/forge-std/src/StdMath.sol"],"versionRequirement":">=0.6.2, <0.9.0","artifacts":{"StdAssertions":{"0.8.23+commit.f704f362.Darwin.appleclang":"StdAssertions.sol/StdAssertions.json"}}},"lib/forge-std/src/StdChains.sol":{"lastModificationDate":1708049006548,"contentHash":"f7ec55b5333e3d0687535fa29695e9c6","sourceName":"lib/forge-std/src/StdChains.sol","solcConfig":{"settings":{"optimizer":{"enabled":true,"runs":200},"metadata":{"useLiteralContent":false,"bytecodeHash":"ipfs","appendCBOR":true},"outputSelection":{"*":{"":["ast"],"*":["abi","evm.bytecode","evm.deployedBytecode","evm.methodIdentifiers","metadata"]}},"evmVersion":"paris","libraries":{}}},"imports":["lib/forge-std/src/Vm.sol"],"versionRequirement":">=0.6.2, <0.9.0","artifacts":{"StdChains":{"0.8.23+commit.f704f362.Darwin.appleclang":"StdChains.sol/StdChains.json"}}},"lib/forge-std/src/StdCheats.sol":{"lastModificationDate":1708049006548,"contentHash":"7922ae0087a21ee3cdb97137be18c06c","sourceName":"lib/forge-std/src/StdCheats.sol","solcConfig":{"settings":{"optimizer":{"enabled":true,"runs":200},"metadata":{"useLiteralContent":false,"bytecodeHash":"ipfs","appendCBOR":true},"outputSelection":{"*":{"":["ast"],"*":["abi","evm.bytecode","evm.deployedBytecode","evm.methodIdentifiers","metadata"]}},"evmVersion":"paris","libraries":{}}},"imports":["lib/forge-std/src/StdStorage.sol","lib/forge-std/src/Vm.sol","lib/forge-std/src/console2.sol"],"versionRequirement":">=0.6.2, <0.9.0","artifacts":{"StdCheats":{"0.8.23+commit.f704f362.Darwin.appleclang":"StdCheats.sol/StdCheats.json"},"StdCheatsSafe":{"0.8.23+commit.f704f362.Darwin.appleclang":"StdCheats.sol/StdCheatsSafe.json"}}},"lib/forge-std/src/StdError.sol":{"lastModificationDate":1708049006549,"contentHash":"64c896e1276a291776e5ea5aecb3870a","sourceName":"lib/forge-std/src/StdError.sol","solcConfig":{"settings":{"optimizer":{"enabled":true,"runs":200},"metadata":{"useLiteralContent":false,"bytecodeHash":"ipfs","appendCBOR":true},"outputSelection":{"*":{"":["ast"],"*":["abi","evm.bytecode","evm.deployedBytecode","evm.methodIdentifiers","metadata"]}},"evmVersion":"paris","libraries":{}}},"imports":[],"versionRequirement":">=0.6.2, <0.9.0","artifacts":{"stdError":{"0.8.23+commit.f704f362.Darwin.appleclang":"StdError.sol/stdError.json"}}},"lib/forge-std/src/StdInvariant.sol":{"lastModificationDate":1708049006550,"contentHash":"0a580d6fac69e9d4b6504f747f3c0c24","sourceName":"lib/forge-std/src/StdInvariant.sol","solcConfig":{"settings":{"optimizer":{"enabled":true,"runs":200},"metadata":{"useLiteralContent":false,"bytecodeHash":"ipfs","appendCBOR":true},"outputSelection":{"*":{"":["ast"],"*":["abi","evm.bytecode","evm.deployedBytecode","evm.methodIdentifiers","metadata"]}},"evmVersion":"paris","libraries":{}}},"imports":[],"versionRequirement":">=0.6.2, <0.9.0","artifacts":{"StdInvariant":{"0.8.23+commit.f704f362.Darwin.appleclang":"StdInvariant.sol/StdInvariant.json"}}},"lib/forge-std/src/StdJson.sol":{"lastModificationDate":1708049008198,"contentHash":"a341308627b7eeab7589534daad58186","sourceName":"lib/forge-std/src/StdJson.sol","solcConfig":{"settings":{"optimizer":{"enabled":true,"runs":200},"metadata":{"useLiteralContent":false,"bytecodeHash":"ipfs","appendCBOR":true},"outputSelection":{"*":{"":["ast"],"*":["abi","evm.bytecode","evm.deployedBytecode","evm.methodIdentifiers","metadata"]}},"evmVersion":"paris","libraries":{}}},"imports":["lib/forge-std/src/Vm.sol"],"versionRequirement":">=0.6.0, <0.9.0","artifacts":{"stdJson":{"0.8.23+commit.f704f362.Darwin.appleclang":"StdJson.sol/stdJson.json"}}},"lib/forge-std/src/StdMath.sol":{"lastModificationDate":1708049006550,"contentHash":"9da8f453eba6bb98f3d75bc6822bfb29","sourceName":"lib/forge-std/src/StdMath.sol","solcConfig":{"settings":{"optimizer":{"enabled":true,"runs":200},"metadata":{"useLiteralContent":false,"bytecodeHash":"ipfs","appendCBOR":true},"outputSelection":{"*":{"":["ast"],"*":["abi","evm.bytecode","evm.deployedBytecode","evm.methodIdentifiers","metadata"]}},"evmVersion":"paris","libraries":{}}},"imports":[],"versionRequirement":">=0.6.2, <0.9.0","artifacts":{"stdMath":{"0.8.23+commit.f704f362.Darwin.appleclang":"StdMath.sol/stdMath.json"}}},"lib/forge-std/src/StdStorage.sol":{"lastModificationDate":1708049006550,"contentHash":"abd6f3379e6e2a7979b18abc21aea0c1","sourceName":"lib/forge-std/src/StdStorage.sol","solcConfig":{"settings":{"optimizer":{"enabled":true,"runs":200},"metadata":{"useLiteralContent":false,"bytecodeHash":"ipfs","appendCBOR":true},"outputSelection":{"*":{"":["ast"],"*":["abi","evm.bytecode","evm.deployedBytecode","evm.methodIdentifiers","metadata"]}},"evmVersion":"paris","libraries":{}}},"imports":["lib/forge-std/src/Vm.sol"],"versionRequirement":">=0.6.2, <0.9.0","artifacts":{"stdStorage":{"0.8.23+commit.f704f362.Darwin.appleclang":"StdStorage.sol/stdStorage.json"},"stdStorageSafe":{"0.8.23+commit.f704f362.Darwin.appleclang":"StdStorage.sol/stdStorageSafe.json"}}},"lib/forge-std/src/StdStyle.sol":{"lastModificationDate":1708049006551,"contentHash":"6281165a12aa639705c691fccefd855e","sourceName":"lib/forge-std/src/StdStyle.sol","solcConfig":{"settings":{"optimizer":{"enabled":true,"runs":200},"metadata":{"useLiteralContent":false,"bytecodeHash":"ipfs","appendCBOR":true},"outputSelection":{"*":{"":["ast"],"*":["abi","evm.bytecode","evm.deployedBytecode","evm.methodIdentifiers","metadata"]}},"evmVersion":"paris","libraries":{}}},"imports":["lib/forge-std/src/Vm.sol"],"versionRequirement":">=0.4.22, <0.9.0","artifacts":{"StdStyle":{"0.8.23+commit.f704f362.Darwin.appleclang":"StdStyle.sol/StdStyle.json"}}},"lib/forge-std/src/StdUtils.sol":{"lastModificationDate":1708049006551,"contentHash":"2ace460f60242ec59c9310db966aee97","sourceName":"lib/forge-std/src/StdUtils.sol","solcConfig":{"settings":{"optimizer":{"enabled":true,"runs":200},"metadata":{"useLiteralContent":false,"bytecodeHash":"ipfs","appendCBOR":true},"outputSelection":{"*":{"":["ast"],"*":["abi","evm.bytecode","evm.deployedBytecode","evm.methodIdentifiers","metadata"]}},"evmVersion":"paris","libraries":{}}},"imports":["lib/forge-std/src/Vm.sol","lib/forge-std/src/interfaces/IMulticall3.sol","lib/forge-std/src/mocks/MockERC20.sol","lib/forge-std/src/mocks/MockERC721.sol"],"versionRequirement":">=0.6.2, <0.9.0","artifacts":{"StdUtils":{"0.8.23+commit.f704f362.Darwin.appleclang":"StdUtils.sol/StdUtils.json"}}},"lib/forge-std/src/Test.sol":{"lastModificationDate":1708049006551,"contentHash":"15866901137b5670eabf31362523bd28","sourceName":"lib/forge-std/src/Test.sol","solcConfig":{"settings":{"optimizer":{"enabled":true,"runs":200},"metadata":{"useLiteralContent":false,"bytecodeHash":"ipfs","appendCBOR":true},"outputSelection":{"*":{"":["ast"],"*":["abi","evm.bytecode","evm.deployedBytecode","evm.methodIdentifiers","metadata"]}},"evmVersion":"paris","libraries":{}}},"imports":["lib/forge-std/lib/ds-test/src/test.sol","lib/forge-std/src/Base.sol","lib/forge-std/src/StdAssertions.sol","lib/forge-std/src/StdChains.sol","lib/forge-std/src/StdCheats.sol","lib/forge-std/src/StdError.sol","lib/forge-std/src/StdInvariant.sol","lib/forge-std/src/StdJson.sol","lib/forge-std/src/StdMath.sol","lib/forge-std/src/StdStorage.sol","lib/forge-std/src/StdStyle.sol","lib/forge-std/src/StdUtils.sol","lib/forge-std/src/Vm.sol","lib/forge-std/src/console.sol","lib/forge-std/src/console2.sol","lib/forge-std/src/interfaces/IMulticall3.sol","lib/forge-std/src/mocks/MockERC20.sol","lib/forge-std/src/mocks/MockERC721.sol","lib/forge-std/src/safeconsole.sol"],"versionRequirement":">=0.6.2, <0.9.0","artifacts":{"Test":{"0.8.23+commit.f704f362.Darwin.appleclang":"Test.sol/Test.json"}}},"lib/forge-std/src/Vm.sol":{"lastModificationDate":1708049008199,"contentHash":"c791ff15c3c9d600bd396c7ae4ee836c","sourceName":"lib/forge-std/src/Vm.sol","solcConfig":{"settings":{"optimizer":{"enabled":true,"runs":200},"metadata":{"useLiteralContent":false,"bytecodeHash":"ipfs","appendCBOR":true},"outputSelection":{"*":{"":["ast"],"*":["abi","evm.bytecode","evm.deployedBytecode","evm.methodIdentifiers","metadata"]}},"evmVersion":"paris","libraries":{}}},"imports":[],"versionRequirement":">=0.6.2, <0.9.0","artifacts":{"Vm":{"0.8.23+commit.f704f362.Darwin.appleclang":"Vm.sol/Vm.json"},"VmSafe":{"0.8.23+commit.f704f362.Darwin.appleclang":"Vm.sol/VmSafe.json"}}},"lib/forge-std/src/console.sol":{"lastModificationDate":1708049006552,"contentHash":"100b8a33b917da1147740d7ab8b0ded3","sourceName":"lib/forge-std/src/console.sol","solcConfig":{"settings":{"optimizer":{"enabled":true,"runs":200},"metadata":{"useLiteralContent":false,"bytecodeHash":"ipfs","appendCBOR":true},"outputSelection":{"*":{"":["ast"],"*":["abi","evm.bytecode","evm.deployedBytecode","evm.methodIdentifiers","metadata"]}},"evmVersion":"paris","libraries":{}}},"imports":[],"versionRequirement":">=0.4.22, <0.9.0","artifacts":{"console":{"0.8.23+commit.f704f362.Darwin.appleclang":"console.sol/console.json"}}},"lib/forge-std/src/console2.sol":{"lastModificationDate":1708049006553,"contentHash":"491ca717c1915995e78cc361485a3067","sourceName":"lib/forge-std/src/console2.sol","solcConfig":{"settings":{"optimizer":{"enabled":true,"runs":200},"metadata":{"useLiteralContent":false,"bytecodeHash":"ipfs","appendCBOR":true},"outputSelection":{"*":{"":["ast"],"*":["abi","evm.bytecode","evm.deployedBytecode","evm.methodIdentifiers","metadata"]}},"evmVersion":"paris","libraries":{}}},"imports":[],"versionRequirement":">=0.4.22, <0.9.0","artifacts":{"console2":{"0.8.23+commit.f704f362.Darwin.appleclang":"console2.sol/console2.json"}}},"lib/forge-std/src/interfaces/IMulticall3.sol":{"lastModificationDate":1708049006556,"contentHash":"7b131ca1ca32ef6378b7b9ad5488b901","sourceName":"lib/forge-std/src/interfaces/IMulticall3.sol","solcConfig":{"settings":{"optimizer":{"enabled":true,"runs":200},"metadata":{"useLiteralContent":false,"bytecodeHash":"ipfs","appendCBOR":true},"outputSelection":{"*":{"":["ast"],"*":["abi","evm.bytecode","evm.deployedBytecode","evm.methodIdentifiers","metadata"]}},"evmVersion":"paris","libraries":{}}},"imports":[],"versionRequirement":">=0.6.2, <0.9.0","artifacts":{"IMulticall3":{"0.8.23+commit.f704f362.Darwin.appleclang":"IMulticall3.sol/IMulticall3.json"}}},"lib/forge-std/src/mocks/MockERC20.sol":{"lastModificationDate":1708049008199,"contentHash":"9ec848e74c56e40afdd01ac0c873dc3b","sourceName":"lib/forge-std/src/mocks/MockERC20.sol","solcConfig":{"settings":{"optimizer":{"enabled":true,"runs":200},"metadata":{"useLiteralContent":false,"bytecodeHash":"ipfs","appendCBOR":true},"outputSelection":{"*":{"":["ast"],"*":["abi","evm.bytecode","evm.deployedBytecode","evm.methodIdentifiers","metadata"]}},"evmVersion":"paris","libraries":{}}},"imports":[],"versionRequirement":">=0.6.2, <0.9.0","artifacts":{"MockERC20":{"0.8.23+commit.f704f362.Darwin.appleclang":"MockERC20.sol/MockERC20.json"}}},"lib/forge-std/src/mocks/MockERC721.sol":{"lastModificationDate":1708049008200,"contentHash":"b6729ea581dcd9b4238eee9ca4d3bd89","sourceName":"lib/forge-std/src/mocks/MockERC721.sol","solcConfig":{"settings":{"optimizer":{"enabled":true,"runs":200},"metadata":{"useLiteralContent":false,"bytecodeHash":"ipfs","appendCBOR":true},"outputSelection":{"*":{"":["ast"],"*":["abi","evm.bytecode","evm.deployedBytecode","evm.methodIdentifiers","metadata"]}},"evmVersion":"paris","libraries":{}}},"imports":[],"versionRequirement":">=0.6.2, <0.9.0","artifacts":{"IERC721TokenReceiver":{"0.8.23+commit.f704f362.Darwin.appleclang":"MockERC721.sol/IERC721TokenReceiver.json"},"MockERC721":{"0.8.23+commit.f704f362.Darwin.appleclang":"MockERC721.sol/MockERC721.json"}}},"lib/forge-std/src/safeconsole.sol":{"lastModificationDate":1708049006558,"contentHash":"ac3b1bf5a444db5db3656021830258a8","sourceName":"lib/forge-std/src/safeconsole.sol","solcConfig":{"settings":{"optimizer":{"enabled":true,"runs":200},"metadata":{"useLiteralContent":false,"bytecodeHash":"ipfs","appendCBOR":true},"outputSelection":{"*":{"":["ast"],"*":["abi","evm.bytecode","evm.deployedBytecode","evm.methodIdentifiers","metadata"]}},"evmVersion":"paris","libraries":{}}},"imports":[],"versionRequirement":">=0.6.2, <0.9.0","artifacts":{"safeconsole":{"0.8.23+commit.f704f362.Darwin.appleclang":"safeconsole.sol/safeconsole.json"}}},"script/Counter.s.sol":{"lastModificationDate":1706112012512,"contentHash":"7539680fbd3ad49c6632713cc2bb6bf6","sourceName":"script/Counter.s.sol","solcConfig":{"settings":{"optimizer":{"enabled":true,"runs":200},"metadata":{"useLiteralContent":false,"bytecodeHash":"ipfs","appendCBOR":true},"outputSelection":{"*":{"":["ast"],"*":["abi","evm.bytecode","evm.deployedBytecode","evm.methodIdentifiers","metadata"]}},"evmVersion":"paris","libraries":{}}},"imports":["lib/forge-std/src/Base.sol","lib/forge-std/src/Script.sol","lib/forge-std/src/StdChains.sol","lib/forge-std/src/StdCheats.sol","lib/forge-std/src/StdJson.sol","lib/forge-std/src/StdMath.sol","lib/forge-std/src/StdStorage.sol","lib/forge-std/src/StdStyle.sol","lib/forge-std/src/StdUtils.sol","lib/forge-std/src/Vm.sol","lib/forge-std/src/console.sol","lib/forge-std/src/console2.sol","lib/forge-std/src/interfaces/IMulticall3.sol","lib/forge-std/src/mocks/MockERC20.sol","lib/forge-std/src/mocks/MockERC721.sol","lib/forge-std/src/safeconsole.sol"],"versionRequirement":"^0.8.13","artifacts":{"CounterScript":{"0.8.23+commit.f704f362.Darwin.appleclang":"Counter.s.sol/CounterScript.json"}}},"src/Counter.sol":{"lastModificationDate":1706112012514,"contentHash":"ae6c800a2b4c57768024d6e9423d39e8","sourceName":"src/Counter.sol","solcConfig":{"settings":{"optimizer":{"enabled":true,"runs":200},"metadata":{"useLiteralContent":false,"bytecodeHash":"ipfs","appendCBOR":true},"outputSelection":{"*":{"":["ast"],"*":["abi","evm.bytecode","evm.deployedBytecode","evm.methodIdentifiers","metadata"]}},"evmVersion":"paris","libraries":{}}},"imports":[],"versionRequirement":"^0.8.13","artifacts":{"Counter":{"0.8.23+commit.f704f362.Darwin.appleclang":"Counter.sol/Counter.json"}}},"test/Counter.t.sol":{"lastModificationDate":1706112012514,"contentHash":"cb58204d005faa2a5dfcf152c560595f","sourceName":"test/Counter.t.sol","solcConfig":{"settings":{"optimizer":{"enabled":true,"runs":200},"metadata":{"useLiteralContent":false,"bytecodeHash":"ipfs","appendCBOR":true},"outputSelection":{"*":{"":["ast"],"*":["abi","evm.bytecode","evm.deployedBytecode","evm.methodIdentifiers","metadata"]}},"evmVersion":"paris","libraries":{}}},"imports":["lib/forge-std/lib/ds-test/src/test.sol","lib/forge-std/src/Base.sol","lib/forge-std/src/StdAssertions.sol","lib/forge-std/src/StdChains.sol","lib/forge-std/src/StdCheats.sol","lib/forge-std/src/StdError.sol","lib/forge-std/src/StdInvariant.sol","lib/forge-std/src/StdJson.sol","lib/forge-std/src/StdMath.sol","lib/forge-std/src/StdStorage.sol","lib/forge-std/src/StdStyle.sol","lib/forge-std/src/StdUtils.sol","lib/forge-std/src/Test.sol","lib/forge-std/src/Vm.sol","lib/forge-std/src/console.sol","lib/forge-std/src/console2.sol","lib/forge-std/src/interfaces/IMulticall3.sol","lib/forge-std/src/mocks/MockERC20.sol","lib/forge-std/src/mocks/MockERC721.sol","lib/forge-std/src/safeconsole.sol","src/Counter.sol"],"versionRequirement":"^0.8.13","artifacts":{"CounterTest":{"0.8.23+commit.f704f362.Darwin.appleclang":"Counter.t.sol/CounterTest.json"}}}}}